feature,highest_subject,highest_value,lowest_subject,lowest_value,range,overall_mean
exclamation_marks,politics,0.9165241722369034,worldnews,0.027501232134056187,0.8890229401028472,0.4134456818849256
question_marks,US_News,1.5351213282247764,worldnews,0.0689009364218827,1.4662203918028938,0.6882779497142341
commas,US_News,40.72924648786718,politics,17.381470542515157,23.347775945352023,20.501140804662615
quotation_marks,News,0.5616574585635359,worldnews,0.024938393297190733,0.5367190652663452,0.22791244041837033
