feature,highest_subject,highest_value,lowest_subject,lowest_value,range,overall_mean
entity_density,politicsNews,0.12001012498054807,News,0.07891724264074229,0.04109288233980578,0.10217966771739966
person_entities,US_News,18.015325670498083,worldnews,6.7767373090192216,11.238588361478861,10.689362278898502
org_entities,US_News,19.938697318007662,politics,8.672314627700917,11.266382690306745,10.45769986671787
gpe_entities,US_News,15.56449553001277,News,4.098674033149171,11.4658214968636,7.950233808480358
