feature,highest_subject,highest_value,lowest_subject,lowest_value,range,overall_mean
word_count,US_News,780.5274584929757,worldnews,360.68960078856577,419.83785770440994,411.0593444326473
char_count,US_News,4847.3371647509575,worldnews,2198.602759980286,2648.7344047706715,2504.291052025211
sentence_count,US_News,33.30779054916986,worldnews,18.091670773780187,15.216119775389672,22.342557661463392
avg_sentence_length,US_News,24.60912045792359,politicsNews,17.73486765764504,6.874252800278551,19.552049135147268
avg_word_length,politics,5.372920808843905,News,4.913268383176724,0.4596524256671817,5.163563511197467
