feature,highest_subject,highest_value,lowest_subject,lowest_value,range,overall_mean
flesch_reading_ease,News,53.92001459535207,Middle-east,38.162035238336905,15.757979357015166,45.962322153011435
flesch_kincaid_grade,Middle-east,14.210330942430526,News,10.641855591901697,3.5684753505288285,12.121851169664986
gunning_fog,Middle-east,17.023205230262526,News,13.157025462630694,3.8661797676318326,14.749803652883141
smog_index,Middle-east,15.550751414972666,News,12.78738517596799,2.763366239004675,13.834173752989997
