feature,highest_subject,highest_value,lowest_subject,lowest_value,range,overall_mean
polarity,Middle-east,0.07360536981249494,worldnews,0.036209079439214226,0.03739629037328071,0.057447170617231806
subjectivity,News,0.47590414298989203,worldnews,0.34102275901304857,0.13488138397684346,0.40503733312914453
