feature,highest_subject,highest_value,lowest_subject,lowest_value,range,overall_mean
noun_ratio,worldnews,0.18431066958965978,News,0.15649016070919328,0.0278205088804665,0.17147317616387223
verb_ratio,News,0.12023124174095542,US_News,0.09604965498621386,0.024181586754741566,0.11340713278474258
adj_ratio,Middle-east,0.07116231631558138,News,0.05797803152018981,0.013184284795391576,0.061412435612007626
adv_ratio,News,0.04483586791874689,worldnews,0.021074472291445514,0.02376139562730138,0.02940218676562774
pronoun_ratio,News,0.08072183141679522,worldnews,0.039764817219358116,0.0409570141974371,0.05735961180367165
proper_noun_ratio,politicsNews,0.1488270619842217,News,0.10600325376284007,0.04282380822138161,0.13123720834492164
