subject,n_articles,mean_word_count,mean_avg_sentence_length,mean_lexical_diversity,mean_flesch_reading_ease,mean_polarity,mean_subjectivity
News,9050,441.2538121546961,19.207016307714643,0.5789448981814189,53.92001459535207,0.05541268105743617,0.47590414298989203
politics,6841,368.74413182030156,18.588074410664905,0.6472150110587361,48.148696654456934,0.06955361014044553,0.4326570508850271
Government News,1570,406.024699599466,18.987320138915194,0.6296129624128607,45.935583119434256,0.06208658115611378,0.4164817432417066
left-news,4459,406.40775121838016,19.46990420297796,0.6250632807045693,48.0314086888354,0.05563719309673857,0.4294202696013286
US_News,783,780.5274584929757,24.60912045792359,0.6170263002455709,38.18058433968542,0.07352414364539384,0.3963045600329564
Middle-east,778,772.5488431876606,24.60787817132926,0.6177361204050792,38.162035238336905,0.07360536981249494,0.39629024056109535
politicsNews,11272,408.13219767545024,17.73486765764504,0.6308880039732513,42.593495410809595,0.06913041499287728,0.3803579595677421
worldnews,10145,360.68960078856577,21.830221006707404,0.6284852749348894,41.54379751597442,0.036209079439214226,0.3410227590130485
