Model,Minority Acc,Synthetic Acc,Acc Diff,Minority F1,Synthetic F1,F1 Diff,Quality
Random Forest,0.4625435540069686,0.03548165923894412,-0.4270618947680245,0.6325193567599762,0.06853170004966065,-0.5639876567103155,POOR
Logistic Regression,0.5557491289198606,0.04739458347617415,-0.5083545454436864,0.7144456886898096,0.09049995908681777,-0.6239457296029919,POOR
SVM,0.4416376306620209,0.023225917038052792,-0.4184117136239681,0.6126888217522659,0.045397436971270626,-0.5672913847809953,POOR
Naive Bayes,0.6141114982578397,0.2242029482344875,-0.38990855002335223,0.7609282245008095,0.36628395407448894,-0.3946442704263206,POOR
