model_name,original_overall_accuracy,original_overall_f1,original_minority_accuracy,original_minority_f1,synthetic_accuracy,synthetic_f1,accuracy_difference,f1_difference,quality_assessment,test_samples_original,test_samples_synthetic,minority_samples_in_test,combined_diff
Random Forest,0.7980977086035452,0.7168508417635513,0.5287456445993032,0.34586894586894584,0.06247857387727117,0.0588045494877793,-0.466267070722032,-0.28706439638116654,POOR,4626,11668,1148,0.7533314671031985
Logistic Regression,0.8045827929096412,0.7530013797274566,0.7003484320557491,0.41188524590163933,0.14561193006513543,0.12710406224283682,-0.5547365019906138,-0.2847811836588025,POOR,4626,11668,1148,0.8395176856494162
SVM,0.7864245568525724,0.7339794749536697,0.6898954703832753,0.40824742268041236,0.18983544737744257,0.159547648202838,-0.5000600230058327,-0.24869977447757435,POOR,4626,11668,1148,0.748759797483407
Naive Bayes,0.816039775183744,0.7604149607140216,0.6733449477351916,0.4023945861530453,0.1301851217003771,0.11518920148631227,-0.5431598260348145,-0.287205384666733,POOR,4626,11668,1148,0.8303652107015476
